id,Îº,1,2,3,4,5,6,7,8,9,10,11,12,13,14,15,16,17,18,19,20,21,22,23,24,25,26,27,28,29,30,31,32,33,34,35,36,37,38,39,40,41,42,43,44,45,46,47,48,49,50,51,52,53,54,55,56,57,58,59,60,61,62,63,64,65,66,67,68,69,70,71,72,73,74,75,76,77,78,79,80,81,82,83,84,85,86,87,88,89,90,91,92,93,94,95,96,97,98,99,100,101,102,103,104,105,106,107,108,109,110,111,112,113,114,115,116,117,118,119,120,121,122,123,124,125,126,127,128,129,130,131,132,133,134,135,136,137,138,139,140,141,142,143,144,145,146,147,148,149,150,151,152,153,154,155,156,157,158,159,160,161,162,163,164,165,166,167,168,169,170,171,172,173,174,175,176,177,178,179,180,181,182,183,184,185,186,187,188,189,190,191,192,193,194,195,196,197,198,199,200
ssf256-1,4.105228892602105,26.314176933698477,32.970166062574506,269.54381852268193,97.60170196466066,332.78779676893544,57.31011408528926,27.611151259185018,33.62711741792286,382.07524727677645,439.76236368295866,107.2373789281124,142.0503255309373,202.55100154016648,33.15885724564233,244.23078025328383,170.52964358003183,67.21625572897518,137.01380555888593,51.68453904899511,44.82413088869378,50.62769888176892,187.33429404069201,53.44544389468531,205.8834167539397,210.26460807810142,74.91612563988532,30.24678839782046,128.05122202594185,184.92775161214627,46.03477426824854,37.138288684400294,48.55265248781879,41.22207451132178,55.11995301411379,38.984874110384766,101.4983075116871,57.91734411026326,56.85353458445129,253.075137703723,118.99757243089688,46.137535606145434,189.3581317416696,30.628789021601662,39.06378535675081,64.30255986497667,201.86551239414382,125.0241757656376,44.00734093784273,35.602013581936184,266.8809329056583,73.82544091239004,268.0102331538708,82.3499629523871,25.872994926563592,185.53009658565978,62.18356717920188,95.19096718039052,66.1529049667238,192.37280573969892,44.39755504050449,229.35255770782666,184.23521838330547,308.88339156286594,20.180784146488595,79.18818677591389,138.9059823147768,57.31743188346137,57.90958183424525,97.82434248011545,51.082502900509596,22.13239858141148,31.27429598339337,38.34258048679768,165.57729198126052,45.50580224607106,140.879137003849,335.57407324658726,34.90698101647466,201.49658596286395,39.28737766445401,227.218473461036,244.90054480517247,107.19065781310896,115.49965146604666,127.19241830861574,720.0897942115749,113.16978436258485,141.60059995022874,45.67455164846009,197.36371657789144,50.7403470784193,456.6665042462624,82.45380164947217,75.76367843419904,145.32256368945517,139.9871461212398,177.66998440274284,76.30199748996915,53.21361805230901,86.67731215718521,23.766397121137828,90.79306526995988,98.0178015131813,136.85977303831444,21.469714330650362,238.70481790839133,66.60207622680204,66.1336216431094,142.0162947431144,280.5066605784178,32.58023654963206,146.36858107978352,46.634642083835,35.55716209498746,124.14605516691581,42.1680053682594,39.54767314167104,105.46999570983891,87.38274975051021,298.2989532340608,74.71135965958165,224.0703771696801,31.569142450551873,92.19469179694303,85.82941037670072,54.487127741251584,109.83162292901166,74.8603548317733,32.05213199346392,329.81406690612914,55.24851945304257,39.800281534765936,194.46916463886618,44.61417335258187,128.4592421906281,45.36216956601464,166.80252824716771,41.73840534398611,96.4491111947604,78.85500511153357,93.10781713404242,136.67436334950537,129.80693234531824,69.04629247046988,275.6777789668625,32.2048925584561,41.02978853180175,202.65466468823686,184.80457700972377,212.560334239889,126.11813772921313,32.3949869349722,662.789016184134,214.55702858941206,198.31373334396937,140.15325529148097,28.431597105101762,89.38512837800585,22.96975491394562,118.33427713913255,74.94052528154201,66.0992478512686,34.03436628718008,330.2316004054018,110.66948138483414,20.586661235965575,126.68368717423095,294.7680231545287,53.56731456110979,149.48896095249992,24.822859205286345,33.54556805168414,63.14622122628711,118.6502701121301,28.655166259270914,201.9480360476401,75.49885263707988,156.42041622185417,64.72517863175813,70.08159928857843,33.22798248773677,255.39621489769698,76.27475033920611,62.657651044074896,53.432566724708146,69.02021185231071,146.14922400474552,62.84309084532368,120.4580629632536,21.65167434450867,178.08756866480897,71.41505813680507,114.08396776661955,152.53534276527196,47.5014013149362,108.85290959930516,39.949835299887276,36.19666332968691,42.070431352018254,26.528341271769122
ssf256-2,4.0210418701171875,190.98490765094147,39.500018953128254,81.3736853436019,93.52465216749022,357.1873763103737,128.85377997179296,116.34309597616968,41.027559704943236,63.779582630772154,138.54936637272658,138.17739310345087,57.08825017309813,166.68976336662095,52.23449149156316,129.60935120513045,56.655896328032405,153.45690025814167,140.60367162625909,105.98777071245466,158.97032684065036,224.3360287331671,81.58647783033936,438.25737091003316,73.60703807377136,167.47422464991357,215.15903957098232,56.35308753200241,64.20539063504,154.75610874486148,95.17041321731917,155.7945092115925,37.710753332833136,179.5537340152433,67.76796932849248,52.942970824366355,24.567860085812587,397.65329174220153,226.29516535158723,256.782633739527,39.628230683213395,79.30188941466997,52.00972423556897,80.22492935374176,113.94988517729459,82.73331703580885,31.3281038702104,90.62175994551843,45.882088339476944,36.91921618194259,160.33133530135828,47.06590306318113,27.06446354007855,129.62203746518392,52.414869098619285,20.765625053007618,79.05992437511703,53.32864002008388,248.38111565579942,89.26417746908284,36.75501487066837,56.488571265080026,137.30436233590467,73.95845501103936,61.47405219170221,85.04741892189207,97.8231157457464,58.926476032349676,22.73453491176563,121.83804341830925,154.91059754741815,139.6256908885167,21.062143404766136,85.9762659678785,156.4917544335731,83.65396543437093,87.5060158214666,553.1129974022255,47.13026843948964,88.10674778145419,152.1268218819269,34.02605230583546,26.374454634584808,113.47090091414161,41.607648439741524,47.768280447973346,101.92677173635273,70.97040072551412,126.73436025075092,67.71321120257167,39.75343009501939,122.77184826519338,333.21669653440404,220.04930768398427,28.07253409365945,106.19286863740122,131.865689549868,223.28773540605079,47.541107419626165,25.29044068963328,71.05153781138912,203.16148312974207,125.14510251471476,30.858032920163062,98.3431746201454,82.07281675491211,49.519197372195016,21.44346121029463,93.09446877652441,56.843347994271944,142.49156357490722,30.874391101021303,43.24956889258181,148.47319723057544,125.30964380561815,73.29169274010714,45.92296426679944,25.489751618648395,248.33792883375827,80.51068901262497,61.44384386995752,53.91570758423661,57.434519592434754,284.9114048900005,39.43198299938905,80.12994011428495,34.887757035398934,490.31340491635683,211.34597768386627,109.72788746607904,286.98221453530476,93.7180596205282,45.69682428686218,67.79505621470642,72.47564572044506,38.686369166982615,97.42779769546263,144.12446692704376,95.50445737137365,111.46208779559831,53.133445607633995,73.96133881856042,67.6085548685428,105.71359893019192,313.40157234112723,136.51573979998537,35.91764219654281,237.17981913451067,105.21475198261479,244.529883102501,157.46130067889354,69.47144407596528,228.72674646306925,217.78192303024815,74.92975142042299,94.0712015162677,66.1096095496924,45.58303630494974,346.6036411191289,150.68070237744254,150.26454355003477,103.89889264580725,170.25284095456465,137.26378372930574,158.28100955227293,40.233886329878715,31.346269426492416,53.40916682147152,116.3081798959603,50.33750896075458,265.25661602303416,78.20979939905364,95.55029510109459,49.33172949041437,72.07075947085693,97.54815916647453,170.56856806981904,88.387203907015,196.2301223630506,178.1972721658222,57.14016437000175,77.7040801857089,81.11713900530171,81.58612546252735,45.26462100678378,126.74344314711281,79.86006669986857,35.00347345908722,242.2387542009168,260.22544257169017,168.78514218054178,167.10095942802576,110.89619893191143,45.372592721302844,107.15127850180446,142.9280770024774,115.20156250517542,198.37555897518772,52.473091800069945,125.7513250106831,43.039340148339285
ssf256-3,3.9853772266495775,46.177576514940924,28.55903468877976,22.201868070282963,209.19713199624476,133.34585194314354,19.114655383694856,29.442079791561284,104.77526068640654,64.50046279303044,216.8988392139008,297.98436793421985,69.37567193745947,50.00218736738539,59.38994786683947,58.279553954776304,25.640392412925383,38.34168300167808,47.60971242877279,168.28577183082714,108.36499121230169,32.586187235823324,99.6738164789435,264.2189673606262,200.16397545698663,180.4102666636804,30.86506394060465,27.247673954417305,96.16877787075262,286.82407629983027,140.24342546492855,63.140598988866095,63.521932768873214,36.97670242926273,62.04147304699754,239.04371160501285,33.95524599815688,114.00817344110774,428.8324648241607,99.24257152199085,39.05765956817975,78.8546356410563,35.73679911472197,219.9169281284589,61.34390176821646,39.14352105560023,56.032918951190204,248.8207011419201,48.072409388092986,363.0694335252453,126.3735797605764,81.63493636551156,106.40875613856332,133.1598654795454,117.4154302660898,46.048195165286394,74.36978494188726,27.092716068741467,136.06446132020804,79.64216468006968,315.59632531857056,28.025861085739976,56.0054342474138,33.88858246922388,180.90160504576306,53.561654879237786,82.92366173820479,65.9259298553247,164.01966836287085,115.87997205846796,73.91960597326603,129.18954775688852,63.55968572081348,46.350111643330266,328.30734134554666,225.99777826556328,115.19515109233488,111.8741870955046,74.6553352800253,29.41391022025653,37.23934938148562,74.57749165694443,58.54087554242806,86.8013481951276,256.71602352386304,18.814342213407848,148.5414622782606,544.27976151688,152.03080940875174,220.58078915349847,120.29105274246815,59.94795983313777,236.45642466238127,81.88376255278435,70.87572557413088,55.03845472101141,255.28972852187385,46.86824485199024,81.54643912721424,179.0213683144918,60.41465371994141,198.83052832937298,75.42446159785692,24.978595404167717,196.1848831228302,30.451024643387854,329.18037920784803,39.36530841637455,76.59793773005835,57.92083895022234,55.19261762814295,22.13047250339762,191.010140873656,99.77062120771865,24.900250523967014,33.24478015053818,48.41973613925552,299.86556250911406,85.28764813733794,48.98995888762895,77.47100489133665,97.60782153385546,48.06475507211426,82.74724168629457,66.12460265267734,72.32586220523571,143.29898972292716,70.69747876262065,108.43772343530664,298.1789298795346,147.69530274637245,24.040091100989205,41.78123933572968,41.436650469572285,85.43063399357803,39.59308447957049,44.908065021333925,107.65706856263671,205.67657476490186,48.74977605857378,100.41340955506368,72.59988831796976,69.38750574617721,82.03565453296638,154.87383302863591,32.26841880364389,81.17599878237068,32.626583475503786,37.97382126158149,263.38968766999574,396.941939783086,31.75826106369275,24.17312284884931,59.242263717032,85.29370300835681,95.9690623116258,71.88323038035391,68.33854561951608,67.2787153951152,129.494256160369,63.321957195473395,241.60227740010976,55.64377222390284,161.35229092869244,88.87461241167166,45.12090786819067,246.26030370538368,42.552598389076124,65.80711454112404,51.19119262017249,51.58917217197118,21.925368859415723,36.753896691100906,55.53825097498336,48.850392295572135,64.3206340360605,72.78900233992073,169.9938860679832,172.60521123700795,123.30305205574511,127.16774945981858,69.29700399472378,142.97114136901885,56.43699978994938,234.19227265268862,253.5099604121379,30.046595182508934,88.38743676432586,81.6777772333841,147.1245413826518,159.60079836430708,113.94487090872269,129.26439524163322,83.74448828553429,46.54978413428454,114.163366616437,103.3544411804558,144.75381567806676,46.42459688007906,470.5696801934036,127.7768073903797
ssf256-4,1.1653645833333333,161.14004117265878,108.96172841705827,72.37383945351141,128.00506720101885,264.630498378168,229.05432994180714,70.20133464839472,87.82878450080939,109.85964800585613,650.0897639327679,141.9482109547779,82.40596219110542,326.4865725341716,518.5820260179355,140.91968663407147,142.54821960596664,367.36693113569464,247.0154750194349,684.9531554327571,165.50741238392692,64.51149788149824,313.3147058881744,313.21537162830606,195.77334571305335,802.5542396558384,321.330248739066,168.21754447706743,326.4454031006315,212.32079842246975,158.84379759263498,395.11056216296083,471.76327027403954,79.7185010493844,365.38065399619103,191.48319031237392,56.69277078374386,125.34732522654238,854.7165316982076,190.01672706063937,50.68997149042894,193.16451206758202,76.54492131974318,732.3508958878048,104.77198053373823,73.45826302243528,278.07234579361364,300.4361215371751,394.97717222400547,247.93959422091632,379.725445416106,549.9571092948721,446.7959231411905,333.5864608177218,636.741075726678,282.52809397820977,173.26000443259824,74.51656804882558,138.54847175105692,222.1245845933265,247.83407393070715,376.499278466944,60.958091912538535,474.81219071759705,321.0715533337958,311.9499832018786,651.4076714186563,299.1223685790918,128.70978722892045,243.26183887968074,389.8220029944928,474.80642304428284,61.91075639384729,323.55377332813595,624.9882392087338,206.8400937222986,447.2126140509015,363.7418695152033,62.745167162249786,432.5929916598877,80.97165206688162,58.445365029910484,213.71076327037807,102.72563926803463,304.7801170368516,51.40873996347877,315.4027811143813,81.84598768528673,311.5052080451427,175.82974380869246,123.69533353915975,306.4934721690797,359.37173516728893,610.4010448099975,183.5010197960437,1173.9581534712524,181.74480171832005,124.74274439770332,100.33519129470177,1026.314980391269,263.1008021774229,673.6450137751757,130.85475275391963,297.61703582224806,495.4254700916942,187.63411250640317,621.9416461938104,52.48020363217586,315.7726868598486,810.2412066623759,332.19418837044435,92.71657572088382,172.5004741273663,58.28594257405166,546.4932592907985,65.98318629480323,176.34029053412291,598.4303321155824,196.72325747655805,101.29013640921198,170.81459906948376,173.47307604407146,304.30611430258807,273.38918178809763,535.303322190186,60.02011328517443,169.38021558353117,76.85352064480556,137.03355276181424,178.49903474258798,947.8929413041766,238.61557863981034,76.81607501170603,68.9036723597908,200.87498904594432,39.77375435804877,125.38604453199451,702.9138276243298,456.0048805401708,889.1111518371471,70.36591984031007,93.9374682479749,485.31677518126276,239.7160698532743,953.1348686718718,378.01442489689856,259.4734446533382,124.54056306580459,123.35296302341261,313.75937017032226,231.296461936946,331.8636456856823,94.84110608231228,774.1310897899476,130.50478890070298,253.62848611314254,46.65487600229822,406.7817083177445,108.09751738656576,110.51743578167952,164.26871087949192,89.75493051580759,152.95034042533885,324.58671799103007,126.70278316361676,57.485405107973975,433.4014960117174,151.97894385861585,456.2522998414823,149.31220080957743,617.5749415841863,89.62684041076665,575.1884658780075,541.0035650660565,426.8894522304858,197.63739556664035,191.1057287471998,127.68937817162656,606.8409236370627,78.53802721015632,435.63793003054707,226.4810512486402,481.383258953261,65.81663883535191,108.94645803726429,1259.2413463688356,585.834607368257,427.6633439769261,621.483915875973,275.3530133576226,181.91670602052386,125.87900443848439,822.8761317204209,208.00992824221885,122.63814961373701,123.06674564886983,172.84973424320322,200.99180112467678,203.0726991946732,345.95082612932043,101.8791387097755
ssf256-5,1.1763763427734375,726.9980571607852,131.47799743773135,50.03051826850543,552.6628871674958,762.0027332370798,218.66875033603617,42.953881932473664,965.670779284946,119.02367952709501,872.0964285924669,448.1544890471848,68.02118661025757,829.6989068904004,65.48363698194743,600.4710435452656,304.74165931328395,849.5624918092683,233.70538934217126,128.92150561867902,164.1515364436098,440.74253942873236,165.58856296481846,204.9827144975341,242.76987490541336,252.55005782979552,83.42345906226147,357.369111613027,310.81231304607303,302.28893904489263,184.76315604350174,153.21112548647847,76.35794814759954,1437.1679347832226,131.07891764215537,232.50671978072427,34.0425165280419,119.34038488012833,60.413873393929464,340.9511613113379,851.6308788028049,341.487268398841,1249.4715609730526,320.05734837640244,131.64979169879052,83.2294667786412,267.72233506591647,320.9693713982082,262.93093712944585,175.33732163558497,370.7135523908846,90.502542924322,73.10443524819374,187.05537500546075,151.35214553786957,215.16578614630782,347.7755183554241,76.45171180201042,163.87532584464986,252.26669708585314,155.00000770241223,394.37459594113636,89.05165401709489,473.92972888761346,100.60089549264535,493.2887891849747,346.3736085582355,103.42490362386593,93.15437036802997,180.9680466685007,238.16686839144307,264.05913910078266,80.17805219433328,187.4861510508226,148.3138599764976,679.1403297972789,85.4574944965537,588.4100243381129,44.86422995891499,123.69010809934035,155.7050252450554,138.3740526335751,66.05317743430119,524.5416022952521,269.07799739205507,149.09962979223005,695.099427709386,105.36649871416816,211.53329370963064,69.10055239030466,81.8021147423261,114.54181481634588,221.3018221857888,74.9365110875788,70.12821374852459,129.90854589364744,664.4818720667207,484.8635446241515,187.08822152118606,61.280540966014264,621.4551692164928,200.40218504897678,477.3845761167105,946.8474564176153,122.24970731943212,238.32707111294323,655.4381453804451,47.726622352166196,950.7490558596962,142.9407810732636,161.59039802450434,124.468456925444,456.8751831934095,129.01772766885782,665.7437064826016,379.6433341884031,74.64229105888255,314.4376602315417,171.15164995199575,202.4737972290852,235.00616675461794,79.94239656058194,241.41541523310767,333.67503526824123,695.0101389473162,93.53052986605266,114.89016962896355,347.0746642343092,145.2681141674981,223.6192491223816,872.098141466861,358.5350770145987,43.050708401435735,417.48013085877045,62.621560707974275,388.1042306494487,710.1385048368082,203.5472522425142,931.5657726485583,108.88249734071223,85.73009176106237,103.08802646117803,194.56975639100776,131.62516579341607,356.31939286088,285.66124919936146,257.98126787310923,63.86467330547505,103.79351866392328,257.7990654477867,286.1854058779799,367.59706690482307,81.53184753030614,129.68581700467678,530.7087055054809,227.5731985075962,42.70618322771429,445.5478115878112,148.40510131641565,128.4019129300725,307.0228047684273,91.66298732780061,52.23386584362558,96.54680032729627,684.7778982401427,495.62849274203177,38.65908647457868,137.26675926598682,59.0905162898572,678.4448491563071,629.5564786684927,57.585818150357156,1016.9908974611689,56.99817424482349,193.12854770842637,203.51361921835712,220.97099493309676,96.47253639828233,597.6716025421632,53.42846042813551,159.2260651405978,444.45431441919663,102.2536934137476,356.36633563908237,160.45019206879067,916.7897747708241,663.9300862938982,283.9125702400154,1045.665698706967,390.3610359635465,40.647720600934235,194.1759544954368,233.48080480244124,242.64610958667384,71.4985109575687,137.4099869754671,281.210655508401,493.17210163365934,591.7779831813128,171.54651926223346,37.66399768449556
ssf256-6,1.1850229899088542,384.44640808558813,141.0177560630063,55.393672496033794,547.1851024486543,1188.6307576601337,215.5855231457511,35.574901883614935,469.29888111062394,162.19348189009642,957.8416549798823,425.5284709956612,70.28295584788228,500.60520439897755,69.12594868712893,479.30606502830614,446.55533927521327,842.2113885094084,261.6154138740959,149.72381031659492,175.0110781181263,622.088696573704,164.2453824269451,213.6653871805033,196.26943184614868,299.8306394690606,91.8420242006403,936.1476412706982,360.0079651231936,291.9114151287494,145.67508909318173,87.61602694471381,54.77156167204559,201.70258876221646,113.79442730457443,212.3859755704606,35.49886867351093,99.83773364837849,54.623968513245785,263.5588057573784,399.01819442760205,577.2388097597043,136.40143676469117,49.29856221788331,97.84824598448789,83.0055994937282,109.27354856761497,247.84341913478343,260.01568953584865,171.20213686782807,356.28122771972374,87.31322443580568,73.93365620394871,195.28227622930174,166.88430050738916,229.11897840329598,706.1228945306761,55.962555477587294,143.3166496727111,883.5588758783948,267.2026156863013,406.5335879700335,639.3248583135688,401.7165623523656,90.21614289018883,476.5412191835239,324.1360040038914,116.82944585546643,114.421790398522,151.81541859890885,120.83005531138417,438.5122903887037,1051.8285156373079,171.17802794311106,155.6994544192376,346.71125189013515,96.17242246446746,595.4766812640713,47.85732020758484,177.71400537786266,173.97419740492677,873.5091709022392,79.16621030466398,154.00205665588243,174.69923908149488,140.04642497464263,736.1126610651437,378.56289452805987,223.8110892925649,68.01726011194793,77.16405610787017,89.91577408825627,391.4932678854779,74.39013798023608,63.84936914477838,89.08236283183537,149.93187335977063,458.552669830166,248.98878790162982,81.60573991069519,217.82365146158162,695.0928806590503,471.29111779172456,561.7390983827855,163.51142209357826,413.17079809031935,566.8114226975565,79.84427041762189,923.2484365300709,259.2041624820957,433.310570042486,312.1560272870345,197.74714267025308,105.36304422344824,646.9916100612855,109.99796687929827,105.88240659327535,88.62304051113482,150.55847600303,89.57054333301018,223.00545743533783,76.0710079418937,417.07545743067413,134.9416886853026,49.66989137361805,50.48560688073052,137.78942939220303,217.5160846891782,161.0328424249593,226.05283540999827,901.9897509216148,350.25002869139075,56.95290192769749,61.071356416198526,210.78080775314496,259.3361667675833,389.7669844006439,183.53097549899198,966.8955976199861,64.39680947715718,340.767774316278,110.23071657084198,499.62108378534356,674.6620374523442,333.67865337778437,288.0747246209756,76.95330704350276,57.042053244212646,124.83288163367934,250.03663994926248,235.60588453449478,572.4830988366041,70.28159525993155,152.78408063962246,60.7745125709467,419.25106425969796,56.235616409441974,53.0198424868371,155.68083506126348,115.59676486314444,202.10730181815495,71.43019319538422,56.639080926305574,451.19080937805035,214.51994939716522,482.47127872839354,472.9841814069675,136.47669244909846,1061.655838020513,663.0367308174376,428.67148569297217,56.837455734153764,983.462266661837,175.97139967767697,198.50571399292363,176.67497646732227,186.7803444894564,92.39056855344415,788.6514930966454,248.33944917435804,272.80254676258,451.16623504135896,105.9748500405791,359.0063721201057,103.34153546187927,329.0267807535359,978.9006879870357,131.55459757122404,824.2837368523436,140.3243356182449,50.62802530126018,194.74384943208662,232.37035639513266,202.2421395409285,50.68719935212852,122.7564372566938,166.42062751447065,216.71088520598664,574.8539124974498,334.5931780491951,40.157064208010425
ssf256-7,1.4200252956814239,312.87367457841816,168.515516437935,127.50226072116754,694.881136484511,295.5007570501084,269.30763260365427,335.7365257805145,298.68648294066253,118.21530244214401,516.346582242489,720.3214801914148,109.67215461705506,374.8465778275908,221.87198029907336,474.8679210407647,483.86153059691173,721.1076806177728,157.47145470959578,202.8847766822512,207.4878904139908,215.46994343391836,165.37317459080552,190.8400168814308,38.52029954653451,782.022173293744,299.65364568606174,158.73920694018963,374.08899998901563,160.3189826054856,223.88757933554305,146.17571159721444,63.98065787730485,334.1908360307044,896.5416365024893,287.28479482965986,32.23279827830385,93.84059076578086,186.70019152058526,664.467597659382,422.2152967302313,407.18651815095683,408.7619655130412,457.47049728496455,91.20507683645876,73.84384831064335,319.53055821160484,247.8142452321448,75.16275336186371,95.24571443222882,252.03650637320376,82.53281584560844,82.54222369930339,198.73266420361864,423.40064912651377,463.7508028298712,513.463237071516,379.820156191508,143.62585466641906,195.95363152735044,155.85757877236182,336.85315235701336,134.3933788245344,252.50696240348478,313.40164652028227,67.618523135852,158.24094341823343,209.62861331291037,98.39005389331189,203.28658166657112,97.88428697063836,122.48084596776954,70.46366197560612,193.2925452519879,559.3696195896175,120.14920062081312,354.18838165355237,278.7893573266475,53.12843263366002,345.9437170631981,323.1106321074648,1112.1032326362722,230.8684413616401,152.8482574550282,250.04151024398956,383.91274479646034,167.40021475347518,51.48322912867368,268.1493125895422,145.2565377322549,753.7236811110774,92.14237943183996,272.7964273602883,89.47409165281204,210.35389684280977,132.30135839530797,403.1603229776171,456.9007428372395,94.48786516586499,59.78119185056279,169.45314405616784,488.4732935499088,488.45401707682845,114.03894094044358,831.2476598738857,754.2253808692012,314.3651732265086,51.38741895116821,71.98003685208622,269.3798740571803,362.15308713583926,55.09201837687197,86.07879065043798,56.2812536682693,453.856448474714,186.7595060991258,91.52115838295947,296.61254659501697,259.4420665375412,652.6011379550949,57.75811573421346,356.56778077719457,143.73977307336494,333.8385180194093,92.27355761710865,127.08490308426026,62.127317348047846,176.41884936764825,320.17468668996463,71.28883088622872,607.9939001059796,280.64232173064937,66.82053646052368,56.09593185490183,114.40523788850591,810.961458474046,131.27917976902114,198.46380615961866,562.7381794913329,98.64433685929251,100.09356390490585,968.452939469223,433.6470275246772,171.24546428770253,513.2260366580676,309.3967114856626,210.51640341160422,123.49870077507397,136.677853597379,90.43734051091855,85.75747329498073,87.5083889455122,61.46497329145993,290.8067242256112,1010.3036908360715,249.98696085246883,79.44344975424333,77.35176454547204,150.65681039589396,264.5471968402134,81.96854371942582,97.46479086946812,45.9617943565817,220.2287429568073,207.630281405928,324.5485892932973,313.38728071649587,79.5484561718746,484.40375592376444,93.43258692489266,705.5137937843264,87.55503934164771,103.64046767777387,176.5684804512032,360.4597645746002,100.62581831043236,123.57593800184361,98.06836142889833,518.1485594974799,27.278331567524877,90.31821529530316,453.4070428292681,124.5733683537464,94.352125987098,77.32159794162718,130.68971008352182,438.7936002706902,374.9638570403784,199.87226372965864,136.36789595322605,147.054666607756,152.23896363712322,151.89176288096266,226.9453762858138,95.07172035561045,113.75241674837247,257.67070743693404,159.54700983954194,243.65650758586494,329.31007974557,50.21615479329032
ssf256-8,1.468567319803702,382.83801720234567,246.4660787657832,530.9410743151235,664.489869277299,609.2972158403242,510.51193585219323,158.41188147465922,188.03582194863418,73.37961553215565,429.34228056569003,134.20750133589237,212.58906777193593,489.67541630364497,64.7968825898847,545.5054867485951,273.0769674301659,388.88525157893804,246.38769884034897,322.15695865545564,174.33404425663363,49.12324756398571,209.32206733665927,384.8842025910323,263.10842904029835,292.4348478928848,254.5846675885252,184.91300252491249,374.639692226977,567.9063195406557,152.27921452590098,157.4004807946586,69.88178854113801,370.78154698271135,164.98855280333532,208.28098655583452,556.731178434461,49.09485048170739,73.08504137745436,193.15725873676593,917.2372995037863,498.9773906864521,47.30843285004529,53.19308479456782,111.40572777596876,283.61291284142334,288.9068214576971,241.09160998226972,93.37495130936645,256.30466129722464,155.18880473385542,90.15939454531367,179.73292952216585,237.2967105541407,166.00088708043995,316.8958611590374,736.7602420467666,199.16446490170435,142.6509285962762,463.3410041005292,108.29109444765244,348.0209016303743,48.73513825308641,336.45594784785976,115.443064559215,269.6186929853599,505.488132127317,106.02796753126181,356.90575462148485,47.293048157661055,1274.5879165546519,271.1952210976893,51.63760611937503,115.90434916937504,412.0540537894792,77.98359638009457,452.1516356973035,269.195364851921,49.124170416735524,105.11767007836453,117.36610169837176,254.74657354560892,62.806442164553275,173.7466014360467,73.64457384536826,448.2378581865397,118.22514016559921,71.95159853431146,267.82374068829296,210.84628020287496,501.45135607084,97.11367011472585,388.1029633166888,180.54442531612716,58.228237169449294,506.8092026898208,47.58651115995111,250.85756252741672,288.54903229425537,49.07609051972987,72.69701481361686,67.66871039767463,217.2207449016222,209.15489852955457,639.7859210776357,425.39676259119506,250.1081476904399,66.0260352878331,296.0103840879903,509.8303316404826,51.91018431110012,71.93569292801276,59.8208332968682,135.29711916489438,237.79920785604332,84.56229165371957,63.52083134563765,217.39960922575085,114.6230382412165,744.3992766613104,254.23279535687604,91.88962246008076,307.56904538916586,264.476069508238,144.2393500154208,211.67278917568794,390.82248032535244,168.1836966596999,85.1388852983361,292.4405368370245,392.4079853212602,69.92533093868525,835.1642068737162,216.25490495266564,135.1172634437293,69.11751285122335,165.7128016007355,125.72434773705993,369.0622387484076,99.6117603558281,66.01040389614931,303.38301627216595,211.94898481027766,149.5495632285216,339.96471766490845,274.92590268341115,52.39148091410888,117.29988811565184,137.4779132260816,300.2973869838833,360.1607421051864,562.8649391469078,72.52981225339715,77.4192385114665,223.74763514572487,231.87618548998745,532.7548437103851,35.928011824951206,181.91055926112338,193.7917905410012,169.30919812073859,131.74249073027866,69.36432230790165,174.4919473198006,97.33539095903184,218.08165573199966,77.2570338489483,62.29873186866403,448.3862545906515,128.11143542464595,390.0592257205867,54.501402719227286,590.5190216728388,197.74787730392305,553.5416999239641,137.62537542310847,232.4195055164023,113.6693283250386,569.4916840232744,60.31149627604656,57.862622243575416,153.3462934992568,125.71254371779831,79.73486317260048,88.59039542717072,631.2677568331425,405.56357587213233,155.0120268319372,779.047167499272,166.15880757220373,275.58346564949693,142.66354360632465,57.947270494353624,107.97062751168802,123.4237622423577,141.9561430746273,263.49879493944735,175.2808941902108,116.70407744305601,97.50263758154611,72.80162708353124
ssf256-9,1.5266028510199654,166.68890781971146,116.59526722395283,291.10153062109305,102.19692304796727,259.0622308246426,248.88018242522878,38.815594194888156,294.36636314139736,215.12032512924088,849.6340828380655,275.0063455568315,56.312130071642144,114.89170765228839,67.40421005626287,545.4907608847392,291.4987109238133,483.1771453832845,81.54920485841079,204.1724227767499,92.69585887189216,146.7828363333821,338.1935922303189,56.57974432698712,72.27883841201401,551.1591747210847,293.6871168786058,520.2263941678668,133.45800961987806,607.3907915289191,105.76189615728173,81.49617858059571,84.96870053740082,362.92282052487803,362.111597152914,277.19455800587,33.25514234417216,423.935113529553,1294.534162303247,646.751655779698,128.15404607221092,706.0378400422994,74.16713795573858,588.082200416729,236.55074552348574,97.01210205548654,71.19691149473137,346.1607816011763,348.1876268428529,164.1229113593452,201.7999681653922,110.81535843563624,954.5446686920911,136.15223277178245,162.31318353833873,278.19289547876474,232.02855761869375,68.09317441145856,153.23154428330363,113.49731926927169,129.78003594656454,430.7423688842941,207.1547342814567,91.54574969171618,96.44589891677772,288.15726329740846,417.2269440001298,98.30571767046263,143.45672214063396,229.01204709304233,92.48968920486465,442.52529411652773,258.9443752320691,181.7572641961159,187.73738645292457,280.60080504162863,207.41715620577884,244.67369214124474,57.630423138320545,448.47379409268797,250.6097870822329,66.9863652821,44.22128529874986,251.30161177747652,360.9495286779824,366.51361351145016,164.97014539098862,72.1940639647188,119.27270301537068,152.71823608680268,114.28259465219455,95.97619704230154,221.08085798802878,537.6940757828589,65.79071964632317,597.5576231217289,220.6448841481781,66.84832688820839,68.56087584221979,38.06874177455387,253.0391635528621,360.0256136006368,420.399185595947,135.3720603677202,134.05697138633232,235.98210350588053,910.9832708299492,53.06983182134904,118.16146120047115,182.24883377899943,138.68549123049007,159.1040116655038,88.78549923508514,66.17328816112297,50.40747702975222,65.62726571932154,174.9078907891623,284.4556017386198,184.4568453420374,418.799571838699,145.66298478425895,81.29817026557252,228.32964225611693,144.04957410743685,65.52054833165796,95.08362253153703,136.51884975326354,64.70945023845952,114.94592063074882,188.85976782742793,1059.6610360745763,159.3942178530181,221.95793944937589,155.52212906083136,100.47816573643696,116.93368782581805,345.70988258460136,193.38883213593783,98.24075893060653,103.62240414474896,171.56747850524985,105.75413924190129,97.03068605004731,52.29215169001266,281.5080085971204,265.41520222433957,82.10945322314272,119.23022276625595,153.06226194208517,160.61291186627395,207.23563467268224,107.54569944367053,140.08475901103913,119.10546163355019,212.8005308616572,300.6510873052208,84.39650035256031,646.675893960053,147.90409138352084,37.44651987036506,183.7044656928998,495.6809130227183,264.93361696521157,471.83432748480584,104.31515585198183,189.61303050216267,658.3225888560451,115.3502095307235,64.24357348934723,57.546421331969505,405.89779756814596,74.17676699168608,110.78757870690985,164.68598769506636,469.7743732816739,89.14172701764493,261.249248485282,258.63338783801527,154.6935544189445,44.71213043310242,118.37671995571704,174.22785020248332,160.95368088772443,280.3371678357878,154.84733214693267,352.11823444255356,143.53826801360756,144.77830600074444,111.88266476363722,124.11660404488902,55.93928843882443,203.77818427265217,339.85668966295196,112.66590195031722,271.3264623123515,29.301660439282273,232.955145110338,195.78166588123833,124.972602167572,538.1515876063604,46.820764524131384
ssf256-10,3.395626068115235,27.195980376367935,87.04192455392133,33.43529562375318,541.7455924500007,323.1259835841493,355.16387967920434,223.528327795066,143.33640966255192,94.24059008136801,481.2975367306661,130.1107745434825,270.3093306215539,86.31828368609378,100.60299650030598,145.18139910018164,52.00782415401406,490.77285755671494,122.62739251048018,145.97067593630152,165.6077972664597,67.0914658680946,80.00240731337837,185.35448485669065,31.866427420495217,466.78451734115373,76.55518487478008,150.71472174450773,219.17895588678516,138.45940817861393,72.53673045272335,78.91383950861974,58.026302140179354,85.2703743226735,327.8430379916183,266.47477903216486,25.8182255987923,93.9289633115483,208.19695499955893,307.6499212759282,96.57411825369643,42.28276377266884,37.7330455988903,318.50575235694225,93.23503805711783,287.80604369035103,175.69508599263102,219.4279293979207,44.29395209021896,54.24241531861169,245.35869758184447,77.32733723793837,69.69558057821271,185.17938277101308,116.86826659687235,330.8348220503556,207.61201211297183,181.3907187849536,147.5521115600082,68.1533277505526,136.46514497648627,312.7385231617222,107.50726691185889,41.89745886430348,93.8697692489264,344.703122403119,245.99116092220268,307.6933581129779,355.09261484480606,200.46620920699175,82.4596554420441,94.48948224103879,24.83796609506008,183.6938041809059,52.799050118278416,105.06649926982244,212.35071447258576,93.95933735348629,49.84640150325436,124.40367831016002,191.90209818492795,47.55478364139053,196.63406826758282,80.48104669622332,238.7197259242564,101.9139737749392,274.7696617606583,27.290666831548226,204.83752695027465,41.93321443803099,88.85563028974882,61.30863954462384,242.59004702082783,70.26028292109169,61.31968366324573,226.2975218502104,396.3932158381372,154.7676853153995,89.48043370715365,38.56217499844902,128.35430995571448,90.02719164923671,409.5364337035449,62.99810634603662,204.61395236456352,226.73975557153332,103.37794656741211,393.3916118928163,60.747596240840835,81.3952555215354,68.37367295629343,75.54994049781067,25.565157786663892,38.29282521747437,22.97861371500937,152.60249267716873,53.842183770419986,283.91643378996247,220.06726452442936,103.29398340916136,31.671129765178385,255.87615023721918,141.08514103787942,184.38042405792356,42.017667668607906,84.39851648187273,153.18417785227277,136.69783697008563,64.30227672587309,66.41603077123864,318.030729314304,259.724015522977,27.11615517078705,62.23967333170678,110.26179941891341,56.106866204491155,116.53153615315318,100.92576622232123,508.5415335032114,85.93213795038037,65.71664118624585,48.32798047416281,80.12943854595521,115.0407351210881,77.66588327549985,229.273732825805,254.74446760198654,95.67533342663448,187.10205322190095,65.42267316118814,72.05390039616984,72.43543762978453,52.09553338366518,395.3715053929808,169.39160374810345,145.13392014314232,57.09088559343638,43.21663388658489,131.398950265292,192.5012965241519,28.985719369471674,392.9321312517294,39.13355276800959,60.47473169873667,104.12748288914277,82.23921364395129,561.773627661165,55.85343872140388,28.35241818872021,60.84038534259461,93.01741768886619,109.47338919290851,67.1806126437835,46.351130837867636,199.39105679895465,80.47876081059754,94.34339780838066,24.895193844378205,382.48709369102676,28.629196345617938,45.43186254589009,326.3464265286332,96.3529437966377,50.97082377316772,96.34949897993808,115.07289985874314,143.07501999876928,186.64135633183972,184.81137893827082,117.3990111857076,124.48780783543334,118.86115419204533,38.416584120272596,59.36545414237595,75.25435294820754,108.42911155173586,48.24339215642252,109.32579547493187,169.76701953531423,155.13786700195158,35.880039352980404
ssf256-11,3.4959475199381513,304.3644817246431,93.82720378959837,74.88109687239164,231.74719262593607,510.3224953691048,60.09500431532771,44.57449339073459,390.61388144007105,70.68140849818303,70.44766775972663,183.48877076201944,66.17939691171526,201.50439637133582,65.47587585421489,302.5038249010734,237.16128204726374,272.8593846068783,108.07324552497164,137.35496681678833,204.90863011145876,219.02141467572312,93.00445218756268,334.2807784414241,162.59250326815007,66.30259683263144,66.7757952549088,41.473770575866496,43.02526275669345,263.86263942840236,137.5287648462544,73.41315428731863,31.642322859257167,174.74563395925856,65.75022618363305,297.90077892087567,32.79040133352281,85.35026219671555,32.67158262729072,135.87129903793738,211.73004217303216,62.31340202004079,51.27528465041225,29.96792213847649,129.86944789897927,32.49852393580043,85.44624221913773,95.59128041671637,235.23148966068106,155.70459072658124,230.32343365131973,113.36519671598973,57.38702116158991,133.48707994724532,108.49999909823852,61.35632476790287,88.14291249126171,58.328259657860464,78.74533555748607,242.42924536764286,164.08379138957042,57.660500006026176,77.18813224446453,172.1738232274886,113.22790212439267,290.48559625658936,137.74384706380175,108.66987619070716,65.03036606819045,128.87260503519744,92.08784699906148,91.16520059107347,172.3566543576757,106.45250286471781,473.2165314101574,44.59790169419709,52.09507805329525,118.42474149246222,29.034510716363698,83.8279781073596,36.94080846137644,61.471236592886314,74.5696200535307,149.66046937553827,109.16028366057837,94.1282184869434,274.61037413359344,59.47697000975576,164.9709747346634,39.84687470845304,65.96635236347862,96.21334580733054,64.44496473371845,70.91739893206235,50.12246026324589,330.80021049881344,315.69106418065013,222.6721495857413,77.06565410297986,44.60091822983306,39.17193787454927,179.06507267855122,36.335352024838464,145.57146359891738,59.333090343865564,203.2236838793766,317.01004210088007,69.65652850039471,319.62121637010426,140.37138831153388,144.24084189853892,55.28649090079907,31.30952281091916,76.58639070659557,126.77937309272303,81.21279878970434,77.1719579760824,205.93683317902742,76.19475522909093,338.25342415417174,215.94168025782432,48.113975342271274,196.61218001265286,52.2224197496107,40.71944258940943,31.734369264737932,89.19767793907725,39.9164284157472,127.84618063229327,23.56953135639711,355.0716817587838,168.20171729220493,29.216882554002606,111.93310264653782,99.100062632081,175.95834417027592,341.1631083481128,108.49939580971491,528.9493977183234,87.99658544259515,55.497371340478665,78.86783282515472,239.87138852014706,94.23078526375016,34.05281000518473,110.54262743490547,210.26306305269753,23.330239032502142,90.20824974305393,355.4759313874828,35.76498895634639,247.3174629357179,104.43655964631951,253.86888408441274,110.92470635644162,381.4609030316465,40.90935855699072,30.936380861644977,57.06074158069978,62.86536738727528,148.49236854714238,127.49188404876593,47.820824154687685,81.1169347674938,153.39903779068757,118.45621281219165,24.853903331245654,72.26221464658418,530.7654471824745,519.1538762396494,127.78872610066526,44.365104806417136,48.19620328752102,46.82687891879563,152.3165465088071,131.59726891957484,25.04337507758159,78.26159633600818,30.117911637771048,217.76079600805053,212.67962298115697,67.81971987864338,114.30274157733804,153.70130927292223,77.401732944933,115.03825842689062,629.8746709522868,121.74878536995328,337.8020506888335,127.52135511001177,58.28567964241846,91.75965731316843,107.12490242203724,98.64168287168033,51.135928822388486,113.66686799520922,124.00660399383618,256.2838515070385,374.12867137852356,81.7137982816201,39.628136177677916
ssf256-12,3.359952502780491,130.1126389777415,102.99672632446885,196.67551198504339,98.10250701408245,255.28256120380237,150.79140304811645,51.64063805306831,260.7311659481635,188.86450840348854,246.0459675201463,115.21228245704525,45.28182005168034,102.43198718336464,77.49606898080567,117.5273953236393,221.9089177637184,187.79653383395524,65.65610332852607,81.65187827250496,46.17731796767165,73.66025358810796,41.4947082140124,55.86493182960895,63.72836091492366,81.2524434125288,50.057193654890646,142.42024727647723,75.45297706205855,340.13998762687515,46.95246182671438,54.564987508385194,55.46306337270134,36.231136915107925,183.12486495975224,50.85873536850847,25.70464580863768,393.8828056642867,235.4516276517345,205.23296041925116,119.26786369995256,280.57428752343634,66.8622780600227,90.6087078189699,237.5583056810211,61.95519326690349,59.02551207134571,284.44882840088025,138.1191185611131,151.89318099524507,149.30995474458575,120.58397055086427,70.07424516421747,163.089367503047,150.7398194870097,261.65661132549207,105.63391443988958,142.8257531296878,129.79681592861513,93.36200137243577,66.79018226711992,175.5159880890895,191.17431950878807,66.50158068829495,90.24539947373327,169.40479140546654,303.7466084303391,135.91133624576733,106.29429363024938,211.65921096395266,408.2797433763541,287.01499665870057,229.78079497508753,27.98368379418923,35.349444378698664,130.796451776488,201.49041696282956,236.6580664071177,44.32238431273176,190.5382749340525,46.44975426763864,54.8774474508752,39.49230497458113,242.2831553144216,249.75796731541706,320.07405852016336,61.58078656677168,66.4732796458439,551.6297597094682,42.681519406702776,62.43728372534857,26.777047789586067,199.163712298911,371.47967218715274,53.3622183338473,256.3032615768437,48.311151627476285,43.575733891212835,63.052578441200524,40.3762752046763,40.90122752197833,49.18015128212848,116.12677930893759,84.73998040515706,75.02256316152418,26.840597173692352,485.85033544662843,56.45881605726305,29.592041568866314,123.82836485325262,130.22875083679398,34.99174723809082,58.01894941947624,41.12209545998613,32.1192651465031,40.70557716513107,146.30840200573832,247.10707149943104,162.61727742072867,184.77995128216565,122.19151743726157,59.61178608062268,215.68265192625867,114.44429605577689,37.533729904897115,56.194973716635424,129.77412052542599,57.38307490221738,103.62632748695837,37.25781334118782,287.2791244768388,67.826276697962,217.14638362969828,100.43228723820978,49.27166155177961,75.15979625105577,139.823073147646,172.59392984411426,92.02013286831216,126.15439641898307,114.96932696552174,92.81047850779888,51.195031894709594,42.34184157938339,287.25053812653675,96.42276584397098,41.397795270045016,135.16193227425322,139.5464983575556,159.93811354513394,196.2188556301007,84.4657141023996,92.08241507489811,185.40005279290253,35.52885264041629,84.29647340194977,93.70586398113848,458.061823563472,142.96302752725595,29.052313005175442,230.19553160760793,84.3978764755172,242.88211255549325,98.54647581965382,44.737579631223035,183.14945099915528,257.60920251712446,70.31970700774973,33.01849912251098,53.01263923708296,379.1401225211522,86.55839021900941,83.43003252942003,55.44144740473445,190.26752342473756,76.8080419607822,96.47523875649235,242.4054341072655,141.64048434342342,41.6975100160702,94.52324483052669,142.3836657894117,89.56845397708794,132.52955428605392,132.62877629278464,129.26425195704243,133.5141994879592,30.455800824989808,153.0293353374027,114.23779025275991,45.607467688144254,197.0157599130575,41.384027726046895,173.38849793303103,154.99087389995208,31.450174606821694,201.1305122834073,70.69772074439837,119.86102516947834,178.0781191908953,32.9163207429804
ssf256-13,1.0837131076388888,165.02347358614796,337.3013455118952,67.47340477342979,91.88541639827456,273.26621347737307,230.72974916724593,78.56423506988673,307.8519393588992,104.05805809789952,620.9157005548624,483.98384315210626,76.45881676132626,361.7715206758055,548.9871229860681,544.7855508130469,140.3323255275951,369.8639718395391,221.77611418794362,682.2536921891432,169.27368366972598,65.99878101711279,456.79529676304475,1323.298987618092,204.66464811862008,809.4528327506038,308.40792734852937,170.65764296245914,326.4752723789087,222.77922819601758,160.55489483005616,411.8104139073729,482.1415367907199,76.42303655763905,389.000134818479,194.43026697437173,53.83752992557273,119.54589175810749,868.7743122722962,676.1968391748887,53.49450802353985,194.3579096306109,416.40428784484106,728.7295944918885,110.18610356163526,71.17335950133618,284.3902782742095,328.2162347707691,411.3685015682737,256.7385678303748,385.7745605551652,153.02449587542807,438.52923734067474,326.25587454546337,665.3763813299141,292.98550517543373,160.26126042054238,70.18809431483896,139.95415033805114,221.19880248745994,253.56540095768526,473.82536932686384,67.7087374253421,496.68695917447513,316.7769165458653,314.71748952672687,656.1601701749653,299.5309780675326,129.95623927332738,153.8084329922051,401.6835959667279,459.40315308643204,779.6580969907948,320.9857449925109,582.4076414250703,295.36052291919736,451.25263732137904,366.56656452166214,62.88448712333134,262.0760595560121,69.23377649828531,61.9316106595981,217.51553573236484,95.30248326898366,112.94645074663731,87.50662877685274,319.04708100600783,83.87504462372081,293.04718972002036,179.57832484537965,353.95058450544775,212.78045220620933,365.7473501091272,618.7978290016638,197.11423555388757,1195.9345613399605,185.34633046714288,62.8611723596726,112.06122133380885,152.84962645557698,709.9531771742319,669.6354462945385,129.0145205212219,305.6459267043074,529.0095238248485,209.24177506722634,407.1826207407207,56.55989707380422,371.9914049987782,811.1760477726373,336.5672141203827,98.46498622701361,188.73738246302355,62.78316442503241,564.1330998427823,70.27342937571082,190.21319691361958,607.5102930279137,174.8273607048463,101.9078279023559,310.23247163310504,1051.6476757587054,340.27956360338436,267.4943073179666,534.2820612378429,79.19819925200534,165.18942060274168,77.23798258617332,266.5684984992715,182.53638883279194,981.9477663478425,260.05544073772086,110.80907078963872,158.09168943339648,200.7384098563402,37.463836995135246,128.10392097172968,707.6532191850507,452.5850914305177,880.4817377984192,69.45031679603763,98.99277647622127,513.600246788088,525.771179080169,950.3083068726656,179.8012677593361,272.5795794074844,115.5645762697946,133.21306781337154,318.66925406506135,235.78511486907556,784.5409054983847,105.7754629893499,781.8821578682192,132.38676974578937,256.5414990658364,51.618075907955536,455.27200991904573,117.39815574084372,109.65617598841271,188.84785182874336,283.21124001890945,466.6040170588996,321.4668062203399,476.77989378684026,66.690979151613,437.5661071939772,164.10939304752813,478.8156162007646,669.006753341652,199.31535868664812,95.33264024058117,337.7974467197953,546.1163986870398,423.0007610550422,178.10396016435647,219.0980980416051,497.20712187258374,542.4000139019057,73.95886155064703,447.95815783724896,710.2425987574082,483.9361452568729,67.74390964204727,120.47981504825479,1553.094703586865,614.161789056255,437.64198783372007,675.1719731281637,272.78295193896304,200.53839865695983,161.26290139539006,830.5526200022198,201.1820629793023,89.82233074447605,124.12962035364825,148.7176686016879,202.4770969388373,214.24561531327612,335.1528436750764,105.18854383876749
ssf256-14,1.0911458333333333,160.92481107331255,86.47564960964698,59.47615308010843,91.44499059038777,293.258066585188,234.18976921392712,61.7377586618749,298.6087895890047,95.4111896270365,842.7863804432945,505.1599932803312,79.92025261726015,350.5933555188949,173.3323430234884,547.1547307526027,211.03242626737045,382.02065998639625,200.0007794424049,659.2035280731382,179.4046942862543,75.36516617661363,251.7188809339798,317.3201348943284,222.69139796999187,299.6854322638693,719.7522207934093,186.3014475405438,316.206606233244,209.8037076743269,199.41330853922298,212.53911692569406,482.8412986444078,135.76574181401202,373.73454977532873,207.2622628052927,67.64119454896438,119.88539698884803,651.7792168647014,659.652538815037,506.085196501444,306.2309408844122,83.28415058331946,597.4471311787397,109.53587110407,68.07784908739117,292.1865684874469,913.8118050434651,337.61792384742375,224.4636322123396,366.27207019480943,152.25034128788644,416.41506886173767,150.2160769141771,347.3084707897485,241.15659645104904,143.72467691507597,81.62473712185759,139.24803027590573,211.92077531484122,297.76298092904324,464.18757077921094,151.58975247520954,234.94862265655883,121.82400455182707,298.0799451213343,488.5705073924403,298.2135845512136,128.58786302859542,145.92803459719923,253.01627163423686,468.00556402159486,228.97103802038797,331.6907845356857,405.02150218797664,479.1943945638612,449.5766238457749,370.7487790937012,75.94905122168213,221.6614534989809,83.69543859086137,63.75985900486958,196.57111477293094,95.68893371178055,281.14760827414256,529.3634164535673,327.99638129892213,78.46618618600787,274.9067012546195,167.47555901181858,360.2667493209929,300.01689731064937,386.7080067315544,629.1143810624227,193.65259717689142,1179.5012760515922,202.4929901139212,70.11403979020676,82.86567939359325,1591.2032119359444,698.3673830896515,700.4318557726203,133.19263296908886,291.87399098664946,239.7640536096144,468.3972175576602,313.432915269721,42.54196711880168,348.0071076880617,809.1321031956421,339.11484266198147,96.61936263337235,190.612849302228,73.98381432278921,272.453076617163,98.67369679299996,190.3728339053367,449.9602755148587,177.28963925968733,116.33925544059578,253.50772604011232,103.00647030537809,373.54101176380186,273.19718507397556,532.6683232870356,117.62316651342495,179.421896428706,90.46486934901327,159.52299790050472,187.30712840712135,1013.7605871909989,247.71608421327636,89.94933373702649,66.7717389517383,206.62335901078933,43.92084337187075,144.54702863799218,275.700796386387,457.3435220978028,880.9280361342214,67.7325142115298,101.52764449875129,467.9124490975592,501.3740209821173,398.9268724777024,334.13119493045895,294.5500326915861,118.46619147521841,127.32528781045811,312.28601649247344,235.92301873505122,331.19717678766796,68.71357146342304,109.04263972925816,125.9532613831778,253.47897383752004,62.17298304618969,690.6540859745242,56.108715334201015,111.1694586419415,260.92577186707456,1083.092771217174,151.77966769540777,315.5602623289107,105.55409185733141,45.5087396438027,443.39296632366745,170.00122042219434,770.177278238195,136.7052571831692,633.1299181118819,109.29408345458053,572.1742961111286,652.7867988120705,438.60752472266626,133.22645797697675,185.6628559879335,118.76013676365916,287.0201467611904,69.59416145171383,404.8150138268589,253.8527750144641,478.6541663175541,70.44733756489056,107.63806996631756,1423.1895350449506,80.88969811592976,479.44438320092974,716.0900485777794,282.26171912046874,190.93863603497408,195.73851019690233,810.8958093757558,196.54229632182438,58.40027178065929,124.46212334142251,139.67523191334055,219.78824063819116,218.2162890056321,351.1754550929714,115.11870043979052
ssf256-15,1.1085611979166667,210.95938562038998,54.261952317697926,147.71058488728215,116.40585666185329,273.0216969324338,228.4665577255995,58.94016408827612,115.06832057600477,59.17178101311316,848.0866984156803,496.8741267978016,79.7777585037998,399.3100310218869,534.9791470711558,157.65639335598513,173.6936552804058,385.9025515617056,221.1294578229809,826.7737190756889,176.05124078426766,67.85073020585575,445.29204294942383,292.7752485952265,230.90956955995068,797.2880875490769,488.66031743328017,185.99934685604623,331.9528765014606,213.9913600614196,187.7006312707836,194.89740505258956,481.00031713155283,157.48667151448475,351.7018089555985,196.80595609739333,73.02482962390123,126.60827013622188,666.4108266908772,695.7552280456953,501.90793058541806,303.8439619872874,103.0839256252036,584.1908898373731,98.2628389193314,71.02246809989867,282.1972293564341,503.2168736369896,88.86698730718308,226.0410996275292,355.69613278026435,539.4445850691773,415.2343783568429,147.14230507195796,323.78382738527523,261.49727129461536,154.7570664156619,58.58096656628598,143.56936197069476,213.4118260147233,257.44217127667235,452.3161407517989,157.25863704526736,495.8014165166291,313.68582389322023,306.1145993832722,632.6961885107082,285.2106150219955,124.87803639761631,141.05198533412272,165.9586523796542,443.44213651927925,785.7884382057516,224.69697370640986,159.46930671999544,496.5037596022891,449.68904961162247,372.0087660220783,77.0506389442975,394.2310259118427,981.9105602575203,62.26531751594422,211.31161837497143,94.14137370562842,278.10049984400433,47.4511118177042,348.77819033737387,91.24757550543004,269.7689082103601,162.10989656854812,108.85078771053762,295.0542812898916,375.1219204176672,622.0888173136899,183.12605904386615,474.6626035511018,183.9874037206005,95.69715481158705,106.22414686843311,109.72083857678902,700.685582393246,703.9142815885612,120.55335477975221,306.26245032591936,651.0437642386697,450.73686500291086,307.8943297666382,46.00630085221052,419.78482832693277,815.2106663409746,350.14955768281885,148.186368806883,161.81684342799358,59.09357305594604,241.32648889095555,81.84909124679666,167.93192896853796,484.0139955590602,145.20338993792697,105.21536823531991,261.6808449357646,1077.6483945887937,372.65159207421414,268.36031776016256,211.23290044491063,131.7169135232232,166.45277889895436,88.3392949611912,209.3962757266004,189.78968861896703,1020.4194038894286,358.43529182645227,116.42723883214049,164.42621982834896,195.89129387784044,36.86408761459268,125.38035623223426,257.6670372030678,465.21587733892363,874.7851187952359,65.50033779770683,91.16122452328518,550.5348413812175,500.9722340241985,945.6650583284752,365.34797446510606,300.3525633404546,109.67603325299359,146.315098681371,315.984595328363,234.1501032340762,813.2744723049177,52.1242003141335,276.7293520980392,120.54370411166224,257.82378490932757,66.28297854168882,652.9516390341719,85.86863029889864,115.75889540460433,167.81712707058736,187.2440602905923,146.91474900411865,179.9065081022837,458.15686248761995,43.8417952448356,434.1994110777835,93.0792153158512,470.8761548787744,130.76191565321804,471.36482483963573,95.08427992992524,307.56770367056214,674.3771965257795,499.8031212233204,128.0173613836139,195.35038174866122,130.60065319635208,531.7463874901988,345.10603871437246,433.2404312155455,720.194180587109,479.85265448499644,72.16033596387383,139.54634138446457,256.0120585053533,454.5663273031956,487.83167927134014,644.9864559338812,278.6117853148409,222.86209378127413,190.448229321376,792.1057630121105,197.9668636020633,51.137837024485634,122.63091381216414,146.8996018058951,205.20060705771854,221.3684697171122,342.4609717336137,105.07493452512834
ssf256-16,1.3238932291666667,132.70458145294384,88.43468533813777,61.81166367977904,80.75370500968378,285.26857463212605,251.78337966212163,64.9741291566516,57.24392441237674,58.79208490685712,251.48791061193577,297.0857096600722,87.98821763410375,122.34356164749623,195.8870995482859,544.7834916327416,135.14411979551735,376.8853422195407,194.50690601370042,867.5174974947334,184.18528821753233,150.07174583199364,289.55636806391647,1308.9046022221294,150.88130111553454,209.43222554624376,238.04916415850482,181.23688929710326,299.19856136801906,219.52590092423785,128.89918617754319,423.95209290306633,91.4394117249585,85.64146349371991,343.97336493896466,201.3107339129776,64.03500194280659,117.13238698137069,671.0183609435359,660.4172910380877,45.98457657104848,200.70180410780944,199.53296036231117,267.66957925849937,87.35101777882285,63.563898456277336,281.8942357169025,489.7448230146022,87.73864349336306,242.04825562979468,274.06555352877587,627.4534907059173,137.8515216735583,141.5952574746103,300.57150216714405,313.12621699957396,123.07735162488014,97.94832894670739,132.10479784778636,205.2562489048541,276.1150738693504,336.6121330510424,125.48394579749265,227.95478405028163,321.4823188214079,312.0687945192348,652.2526617113821,213.77530603738273,119.93538983674664,148.87469095082142,388.0632990392136,244.57553649350908,401.2593612894637,665.3107117004174,163.44052029926436,55.69145122129066,441.7099760002197,364.9588693765663,59.24136612524044,396.03821703804886,75.00122545788957,73.19294930504583,203.61357834382875,95.41604363103053,282.8056952860045,35.14202047619966,311.9926676586974,79.4453632629511,103.33871775819665,187.3686517470901,109.02091242454595,200.48557282105864,376.67002350064837,607.8064429243981,195.14812012898045,475.4111589701689,172.33928648038977,152.40634016584897,77.2386405135518,177.1328471079234,671.158225505376,726.2448881666394,109.38769181035124,307.733686384989,491.9602083172975,966.805279118237,294.91279442714455,57.99890017772258,406.8910412325012,591.0986011871139,341.5920515833853,118.39577299988142,95.08495499847368,59.849920415556646,583.362909373359,109.92224916926466,161.95952241843995,593.2003546549831,141.24092344423318,112.65286127694203,254.10291901611427,68.42356275387145,1126.0739570349406,135.21590816350033,506.9404022600188,56.33345848111926,166.21410839487052,30.680981346239395,241.77120900805085,191.886094522224,193.46225277886845,168.7061613298337,65.94208189084866,52.10737401134224,193.083910310017,34.43370302517896,117.7081303497382,264.0734561443472,93.60153487469641,395.0577817768427,72.62002898873375,241.82179625130394,458.88838186146245,164.72192816913554,944.1922809498467,154.31395220218863,267.7801002117828,519.190849998573,122.89636570653778,310.7878151327111,250.88030208868247,749.5978530462659,95.45710797116195,79.21616822439198,113.9803282849056,247.71486084371,61.20016885097108,698.0961170432827,87.66108274661323,120.19476536785255,243.72920377808563,245.7581305026302,118.8498598605658,325.53417537704127,111.1128956324958,45.922459658148604,437.5768748630634,194.22820284401752,465.97430034355455,552.7931026864345,605.6000233783066,98.12489210665402,469.5904885288601,537.5893456771131,299.79116793584757,123.65155606347251,276.06715945188495,494.65873036227663,513.2474150414396,345.41347852428544,378.4990518862541,218.17392794539452,470.02974615972914,71.6175107274198,92.19376381337939,145.3420281423119,413.0700239842284,264.37035180654937,422.1393227997501,241.51565971694535,182.30769161777687,209.81177453967848,729.5018659300407,132.24166490799325,38.24082861285579,119.71715375168903,133.0555273467018,197.5602246291916,210.08148783660974,349.72591035404446,120.61516315845842
ssf256-17,1.38720703125,142.84885434960688,99.37275470677079,166.2210806011193,67.46564193393763,402.3836351218157,259.0104582265505,141.10478371503982,65.04600039709263,38.509221498304896,257.652593696992,280.5886211338596,85.217271508927,327.29456763421626,147.6331676769551,143.94815600898502,158.0591860712624,377.2111390261079,174.0551505967676,681.5710577654226,196.4815328656741,71.1255096574267,193.85219739209907,173.5056949674953,154.68136096127378,186.970633831163,243.83691373376513,182.10126651186778,300.7905458914907,144.32397101387207,151.58935977016478,412.0800916024324,90.41832646941559,407.83242177244387,390.92210710652324,196.74741006108442,70.81606824283489,94.99621720313463,154.99468899851985,646.5178743748908,49.62435964633251,197.27662843171342,191.41747272122282,299.3310480654366,94.67439882331756,62.290889777047845,317.51835215970004,486.92547201899123,322.52116297583433,227.80637043957708,128.8219130698244,622.034900069147,972.0435394791583,127.56197605827292,425.42543927169885,283.4993836417114,124.46999970596337,79.42879511590144,129.76029467836594,208.72696066296638,285.38555184366635,341.80365372420283,79.46601614645787,470.2942990751843,315.0116955225491,310.1262049049068,166.4767433533808,201.17612111654267,112.36694864382457,149.72769509677357,147.8087886704142,446.38879907003883,384.0612030539511,327.47056493848646,427.3160929595171,61.45519252638474,444.4410861226001,359.27544417054366,85.28142105703984,213.3219108288267,81.47231442384987,65.8420498756274,208.11867033214523,98.36952856906845,169.4899442490176,34.02270788054649,314.51765340748995,83.85327175972007,232.9704723454358,168.78979770051362,449.79241913582854,187.93370003408748,369.4193466007636,605.4892352694955,153.16445771166332,495.97981810083235,174.38241491878279,153.6647958494876,70.7206080298249,135.78204107800778,223.20748876553156,699.1693726133414,112.62417688362626,302.12973468733657,71.1482109936439,959.1306864025187,292.9361826107767,51.185283674238946,401.18633542280617,566.8385073315211,345.0641675053564,115.80862724841438,111.23805358854034,74.12367434778801,319.9960554862803,108.13308206143773,167.4792834715617,605.1988749239804,140.97091077695075,109.92351182818797,279.858880730104,71.5150367208904,399.2973958630843,274.26274714426796,155.5611720347093,122.22819433586895,163.08531741510052,34.855428892291194,278.058770674256,192.83536135973708,162.24647104505155,156.73761098583537,47.1787462911773,52.32676275156847,203.07369208821677,35.88536651925651,121.25850000639662,301.1832908088438,93.3316022686115,467.83257457452396,66.41697713387937,247.06737161100477,476.189997761546,496.82782443414334,210.59932175640978,165.15158915119218,274.2822971452062,521.635435949714,100.51524405988434,309.5028946649269,243.73390504086464,750.7656895794915,81.31783693153145,82.86357850709439,113.73644739767428,248.58952273617857,53.92594294939984,691.0034904693443,117.42773012918454,114.80825196885189,169.50806125623785,723.4942089935336,155.54745814632264,314.4088440964858,141.27624601859884,50.61937547252241,431.25680206182244,157.76575695020574,455.5624758762573,307.9830484752907,611.5511520582864,90.70430564375806,480.1627479566339,543.6843653128034,317.80161167879777,132.4356827317542,373.1038826569814,129.30952675507794,113.20039426932836,319.7354949995392,376.0607422299608,852.1978379334302,475.43798937439084,74.73671251806608,88.92854251942057,143.29522783750815,237.74752705089642,247.50237767571832,405.8256198646614,244.89261449209204,186.20105353482984,210.28015124900557,798.5582426815653,114.27546904724663,35.45849562724991,128.01173461322492,136.52351116491565,201.81034965400255,219.66963760774524,115.9648821817454,155.20907093771325
ssf256-18,1.4122178819444444,135.27647573829498,330.2596917166658,59.42683288298404,73.56647098270501,394.8461805863662,248.31442417757708,149.9357756082945,64.42091943072636,42.43431514026086,237.30194407040605,532.1023139085071,90.00394159154273,95.5945902641595,107.15396366130676,135.9319867407944,141.51169780067775,373.25658782921977,199.202733160819,841.2850443555225,190.48338290510625,53.61490947276077,274.43690856901117,173.82722447418539,148.4947623819119,199.80409423123098,232.29963124876198,180.04087326192138,299.34577637299077,123.59715457939926,82.95464307625399,393.57034360662624,68.98175414775615,62.094561740464,345.27603970054827,191.93707973613917,49.29379947610684,113.7953328378165,173.04424999477067,657.1618665438608,35.96489952523962,191.15859836773672,759.5627197330772,281.7375822192648,96.10701994415857,64.46601645046013,303.26247564926985,487.12260499037876,335.40264773443175,251.3419487972094,137.0443927254961,148.11119696842925,85.54398307832128,118.62919879710114,297.2953193178891,300.3380334823791,122.4869412030748,76.64422353069055,140.53215290918115,208.1345398680709,265.55368568040785,334.5664347810938,129.8468521843681,368.2732920094315,320.37736102462003,309.30208938195136,654.5608613052433,228.17600139559033,115.9850735426559,138.9355432455133,258.5903847682041,278.4765311096244,227.38815299038268,315.36608907180573,408.14347142767724,54.763830825264954,442.4182792851006,358.6103439120582,65.5642713613352,387.62435469869274,75.8666545520623,72.42476676610738,203.1801931364012,95.93609952838231,283.8995346996278,30.821528930363662,311.773369460194,84.86213608667885,232.20988371413924,167.983439716964,455.9409077044779,187.82648333611664,368.33780641838274,603.9721838074331,162.35885825661177,380.68607295186126,174.28635932939733,146.3544526602262,72.63914815776609,95.59133016703764,242.14343557293785,688.2733655145317,118.69342183030868,1457.5849871981527,480.9254166110097,462.5461235904226,306.97323588210037,49.87919522494657,363.16768021334366,618.6979616984734,335.3577829717957,114.76667925504924,105.31528523508744,47.87970784582398,590.9862736081717,77.44709569735987,158.6064046639098,604.7532133123394,136.69505366272398,122.0934917926968,283.5419794880853,69.31308024305312,387.39690698526044,265.14353716306186,141.90720407340086,96.85537103899591,168.1251380147037,40.94214322868937,118.88299244337047,194.16157588806774,209.10883161948905,160.805666073284,54.828340400759416,51.436087949027275,232.88568352896704,37.86907192543535,118.34596527986902,257.76081999285884,96.52469174376823,416.7986443765997,69.79892949937732,240.21753065017307,470.19007043129585,471.8359370771885,133.45985804282427,331.4275190912994,265.8388651169346,66.87192010573574,103.52715140391356,311.12984802743006,242.20767887939803,761.1108184271163,80.11539582742749,77.22880840616999,112.8751339202875,243.4653953325141,59.24530015203374,752.8731599616128,79.06372579454909,118.02157381290984,158.02310974542132,730.2153101367581,149.63010209087548,345.9457010831693,120.91233085880174,50.00046774532949,309.93638299541834,131.00476614427006,456.3924814610326,318.1229645469111,628.241903186074,92.90134294661753,576.596789883449,535.3217787799905,526.4362679851511,141.73399474630605,380.7270662937451,486.38685601132636,513.657509768625,301.1087041985186,363.88804031841454,871.5366884049881,474.7442021342034,72.31185341569174,111.76247215114712,139.25025014409243,405.54678812179606,221.0734069227256,411.9603347286649,255.78855525559865,191.4117413962204,193.4641630907484,717.5819907292578,157.93941539513096,32.29176571727198,118.17701484476285,134.55361295109975,205.88906898215149,137.80759010759067,135.42050000132366,182.24051446135203
